{"maxMoles":3,"holeCount":5,"lives":3,"startTime":60.0,"moleOutInterval":{"minLimit":1.0,"maxLimit":3.0},"shakeInterval":{"minLimit":0.30000001192092898,"maxLimit":0.6000000238418579},"jumpUpTime":{"minLimit":0.10000000149011612,"maxLimit":0.30000001192092898},"stayTime":{"minLimit":1.0,"maxLimit":2.0},"goDownTime":{"minLimit":0.10000000149011612,"maxLimit":0.30000001192092898},"pirateMoleProbability":0.10000000149011612,"simplePowerMoleProbability":0.30000001192092898,"complexPowerMoleProbability":0.0}